{
    "metrics": {
        "http_req_duration": {
            "p(90)": 104.0505,
            "p(95)": 108.91574999999999,
            "avg": 70.73905555555555,
            "min": 20.732,
            "med": 99.962,
            "max": 318.21
        },
        "http_req_tls_handshaking": {
            "p(95)": 0,
            "avg": 0,
            "min": 0,
            "med": 0,
            "max": 0,
            "p(90)": 0
        },
        "data_sent": {
            "count": 22238,
            "rate": 720.3855238467434
        },
        "vus": {
            "min": 1,
            "max": 1,
            "value": 1
        },
        "order_create_failed": {
            "passes": 0,
            "fails": 27,
            "thresholds": {
                "rate<0.01": false
            },
            "value": 0
        },
        "http_req_duration{expected_response:true}": {
            "avg": 70.73905555555555,
            "min": 20.732,
            "med": 99.962,
            "max": 318.21,
            "p(90)": 104.0505,
            "p(95)": 108.91574999999999
        },
        "http_req_blocked": {
            "p(95)": 0.017499999999999977,
            "avg": 0.025777777777777726,
            "min": 0.003,
            "med": 0.005,
            "max": 1.067,
            "p(90)": 0.010400000000000001
        },
        "http_req_sending": {
            "max": 0.203,
            "p(90)": 0.041600000000000005,
            "p(95)": 0.06149999999999993,
            "avg": 0.030925925925925916,
            "min": 0.014,
            "med": 0.021
        },
        "http_reqs": {
            "rate": 1.749294823622814,
            "count": 54
        },
        "iterations": {
            "count": 27,
            "rate": 0.874647411811407
        },
        "http_req_receiving": {
            "med": 0.071,
            "max": 0.912,
            "p(90)": 0.1078,
            "p(95)": 0.12004999999999999,
            "avg": 0.09162962962962963,
            "min": 0.045
        },
        "checks": {
            "passes": 162,
            "fails": 0,
            "value": 1
        },
        "vus_max": {
            "max": 1,
            "value": 1,
            "min": 1
        },
        "http_req_waiting": {
            "min": 20.61,
            "med": 99.878,
            "max": 318.105,
            "p(90)": 103.7021,
            "p(95)": 108.75394999999999,
            "avg": 70.6165
        },
        "http_req_connecting": {
            "avg": 0.005277777777777777,
            "min": 0,
            "med": 0,
            "max": 0.285,
            "p(90)": 0,
            "p(95)": 0
        },
        "data_received": {
            "count": 43821,
            "rate": 1419.5527493699137
        },
        "http_req_failed": {
            "passes": 0,
            "fails": 54,
            "thresholds": {
                "rate<0.01": false
            },
            "value": 0
        },
        "order_create_duration": {
            "avg": 38.60862962962963,
            "min": 20.732,
            "med": 23.981,
            "max": 318.21,
            "p(90)": 58.4018,
            "p(95)": 60.546699999999994,
            "thresholds": {
                "p(95)<1500": false
            }
        },
        "iteration_duration": {
            "p(90)": 1160.1265168,
            "p(95)": 1162.7589037999999,
            "avg": 1143.28014037037,
            "min": 1122.638083,
            "med": 1128.125667,
            "max": 1436.901542
        }
    },
    "root_group": {
        "name": "",
        "path": "",
        "id": "d41d8cd98f00b204e9800998ecf8427e",
        "groups": {},
        "checks": {
                "http status is 200": {
                    "path": "::http status is 200",
                    "id": "ea2fe6ab7eecb8c5b564c043a0723b30",
                    "passes": 54,
                    "fails": 0,
                    "name": "http status is 200"
                },
                "response body is json": {
                    "name": "response body is json",
                    "path": "::response body is json",
                    "id": "1478e8b405684c6d341a9699a4534bc6",
                    "passes": 54,
                    "fails": 0
                },
                "business code is 0": {
                    "name": "business code is 0",
                    "path": "::business code is 0",
                    "id": "d8310cd321aa42577edcc8c02ffccb2d",
                    "passes": 54,
                    "fails": 0
                }
            }
    }
}