{
    "metrics": {
        "checks": {
            "passes": 33,
            "fails": 0,
            "value": 1
        },
        "http_req_failed": {
            "passes": 0,
            "fails": 11,
            "thresholds": {
                "rate<0.01": false
            },
            "value": 0
        },
        "http_req_waiting": {
            "p(90)": 80.648,
            "p(95)": 98.37649999999998,
            "avg": 37.80372727272727,
            "min": 18.997,
            "med": 21.278,
            "max": 116.105
        },
        "vus_max": {
            "min": 1,
            "max": 1,
            "value": 1
        },
        "order_create_duration": {
            "p(95)": 64.40904999999998,
            "avg": 30.425499999999992,
            "min": 19.089,
            "med": 20.709,
            "max": 82,
            "p(90)": 46.81810000000001,
            "thresholds": {
                "p(95)<1500": false
            }
        },
        "http_req_blocked": {
            "p(90)": 0.982,
            "p(95)": 1.1929999999999998,
            "avg": 0.2214545454545454,
            "min": 0.004,
            "med": 0.006,
            "max": 1.404
        },
        "http_req_sending": {
            "avg": 0.14954545454545454,
            "min": 0.02,
            "med": 0.029,
            "max": 1.265,
            "p(90)": 0.122,
            "p(95)": 0.6934999999999993
        },
        "http_req_tls_handshaking": {
            "p(90)": 0,
            "p(95)": 0,
            "avg": 0,
            "min": 0,
            "med": 0,
            "max": 0
        },
        "data_sent": {
            "count": 6559,
            "rate": 1204.0949140345258
        },
        "http_req_duration{expected_response:true}": {
            "avg": 38.67772727272727,
            "min": 19.089,
            "med": 21.364,
            "max": 121.2,
            "p(90)": 82,
            "p(95)": 101.59999999999998
        },
        "http_req_connecting": {
            "avg": 0.14481818181818182,
            "min": 0,
            "med": 0,
            "max": 1.245,
            "p(90)": 0.348,
            "p(95)": 0.7964999999999997
        },
        "vus": {
            "max": 1,
            "value": 1,
            "min": 1
        },
        "http_reqs": {
            "count": 11,
            "rate": 2.019369424360388
        },
        "http_req_duration": {
            "p(95)": 101.59999999999998,
            "avg": 38.67772727272727,
            "min": 19.089,
            "med": 21.364,
            "max": 121.2,
            "p(90)": 82
        },
        "iteration_duration": {
            "p(90)": 548.7492955,
            "p(95)": 567.5821892499999,
            "avg": 532.1538751999999,
            "min": 520.280959,
            "med": 522.1588125000001,
            "max": 586.415083
        },
        "data_received": {
            "count": 8274,
            "rate": 1518.932965196168
        },
        "iterations": {
            "count": 10,
            "rate": 1.8357903857821707
        },
        "order_create_failed": {
            "passes": 0,
            "fails": 10,
            "thresholds": {
                "rate<0.05": false
            },
            "value": 0
        },
        "http_req_receiving": {
            "avg": 0.7244545454545454,
            "min": 0.043,
            "med": 0.069,
            "max": 4.973,
            "p(90)": 2.395,
            "p(95)": 3.683999999999999
        }
    },
    "setup_data": {
        "token": "Bearer eyJhbGciOiJIUzI1NiIsInR5cCI6IkpXVCJ9.eyJleHAiOjE3NzQ0NDQwMjIsImlzcyI6Im1lc2hjYXJ0LmdhdGV3YXkiLCJvcmlnX2lhdCI6MTc3NDQzNjgyMiwicm9sZSI6InVzZXIiLCJzZXNzaW9uX2lkIjoiMzIwNTg0ZGEtYTJjMy00N2RhLWJjY2MtMTEwODI3NmQ2MTQyIiwidXNlcl9pZCI6MjAzNjM2MDA1NzMyNjY2OTgyNCwidXNlcm5hbWUiOiJsb2FkdGVzdF91c2VyXzAxIn0.vyZySU16hx_fzW6J_h-7_KvoSBj5rpPYwC74FrwvHNI"
    },
    "root_group": {
        "name": "",
        "path": "",
        "id": "d41d8cd98f00b204e9800998ecf8427e",
        "groups": {
            "setup": {
                "name": "setup",
                "path": "::setup",
                "id": "5c0f8025f7e0b6654089e5b00e950f1a",
                "groups": {},
                "checks": {
                        "http status is 200": {
                            "name": "http status is 200",
                            "path": "::setup::http status is 200",
                            "id": "3848a3865263de2b5f762cb94bd15b64",
                            "passes": 1,
                            "fails": 0
                        },
                        "response body is json": {
                            "name": "response body is json",
                            "path": "::setup::response body is json",
                            "id": "1fa74caf9501ef2899291647a50b3658",
                            "passes": 1,
                            "fails": 0
                        },
                        "business code is 0": {
                            "name": "business code is 0",
                            "path": "::setup::business code is 0",
                            "id": "ba765714ab8a5e0a4c45e510f529d4ed",
                            "passes": 1,
                            "fails": 0
                        }
                    }
            }
        },
        "checks": {
            "http status is 200": {
                "fails": 0,
                "name": "http status is 200",
                "path": "::http status is 200",
                "id": "ea2fe6ab7eecb8c5b564c043a0723b30",
                "passes": 10
            },
            "response body is json": {
                "id": "1478e8b405684c6d341a9699a4534bc6",
                "passes": 10,
                "fails": 0,
                "name": "response body is json",
                "path": "::response body is json"
            },
            "business code is 0": {
                "name": "business code is 0",
                "path": "::business code is 0",
                "id": "d8310cd321aa42577edcc8c02ffccb2d",
                "passes": 10,
                "fails": 0
            }
        }
    }
}