{
    "metrics": {
        "data_received": {
            "count": 1413113,
            "rate": 46809.444482906314
        },
        "iterations": {
            "count": 1911,
            "rate": 63.30197826135204
        },
        "vus": {
            "value": 20,
            "min": 20,
            "max": 20
        },
        "http_req_failed": {
            "passes": 0,
            "fails": 1912,
            "thresholds": {
                "rate<0.01": false
            },
            "value": 0
        },
        "order_create_failed": {
            "passes": 0,
            "fails": 1911,
            "thresholds": {
                "rate<0.05": false
            },
            "value": 0
        },
        "checks": {
            "passes": 5736,
            "fails": 0,
            "value": 1
        },
        "data_sent": {
            "count": 1221270,
            "rate": 40454.634741622926
        },
        "http_reqs": {
            "count": 1912,
            "rate": 63.335103315387286
        },
        "http_req_duration{expected_response:true}": {
            "max": 551.092,
            "p(90)": 340.8841,
            "p(95)": 393.0068,
            "avg": 263.3201213389125,
            "min": 29.217,
            "med": 287.6775
        },
        "http_req_sending": {
            "med": 0.019,
            "max": 2.167,
            "p(90)": 0.032,
            "p(95)": 0.039,
            "avg": 0.025466004184100534,
            "min": 0.004
        },
        "iteration_duration": {
            "med": 338.394084,
            "max": 601.66425,
            "p(90)": 392.561042,
            "p(95)": 443.87564599999996,
            "avg": 314.38940936943936,
            "min": 79.637792
        },
        "vus_max": {
            "max": 20,
            "value": 20,
            "min": 20
        },
        "http_req_duration": {
            "avg": 263.3201213389125,
            "min": 29.217,
            "med": 287.6775,
            "max": 551.092,
            "p(90)": 340.8841,
            "p(95)": 393.0068
        },
        "http_req_blocked": {
            "avg": 0.010674163179916443,
            "min": 0.001,
            "med": 0.004,
            "max": 1.328,
            "p(90)": 0.007,
            "p(95)": 0.012
        },
        "order_create_duration": {
            "max": 551.092,
            "p(90)": 340.902,
            "p(95)": 393.03299999999996,
            "avg": 263.4041742543174,
            "min": 29.217,
            "med": 287.678,
            "thresholds": {
                "p(95)<1500": false
            }
        },
        "http_req_receiving": {
            "min": 0.019,
            "med": 0.05,
            "max": 1.708,
            "p(90)": 0.076,
            "p(95)": 0.0864499999999999,
            "avg": 0.055069037656903935
        },
        "http_req_connecting": {
            "avg": 0.004480648535564854,
            "min": 0,
            "med": 0,
            "max": 1.289,
            "p(90)": 0,
            "p(95)": 0
        },
        "http_req_tls_handshaking": {
            "avg": 0,
            "min": 0,
            "med": 0,
            "max": 0,
            "p(90)": 0,
            "p(95)": 0
        },
        "http_req_waiting": {
            "avg": 263.2395862970713,
            "min": 29.149,
            "med": 287.5925,
            "max": 551.043,
            "p(90)": 340.8027,
            "p(95)": 392.93409999999994
        }
    },
    "setup_data": {
        "token": "Bearer eyJhbGciOiJIUzI1NiIsInR5cCI6IkpXVCJ9.eyJleHAiOjE3NzQ0NDgyODAsImlzcyI6Im1lc2hjYXJ0LmdhdGV3YXkiLCJvcmlnX2lhdCI6MTc3NDQ0MTA4MCwicm9sZSI6InVzZXIiLCJzZXNzaW9uX2lkIjoiNTdhYjM3M2EtNWJiMy00ZjQ1LTk0OWYtNjc0ZTM5Nzk0MjQyIiwidXNlcl9pZCI6MjAzNjM2MDA1NzMyNjY2OTgyNCwidXNlcm5hbWUiOiJsb2FkdGVzdF91c2VyXzAxIn0.7963oM5mdrtwfdlo1zAoIhUwFEg4sORoJ87kL8emg4A"
    },
    "root_group": {
        "name": "",
        "path": "",
        "id": "d41d8cd98f00b204e9800998ecf8427e",
        "groups": {
            "setup": {
                "groups": {},
                "checks": {
                        "http status is 200": {
                            "name": "http status is 200",
                            "path": "::setup::http status is 200",
                            "id": "3848a3865263de2b5f762cb94bd15b64",
                            "passes": 1,
                            "fails": 0
                        },
                        "response body is json": {
                            "name": "response body is json",
                            "path": "::setup::response body is json",
                            "id": "1fa74caf9501ef2899291647a50b3658",
                            "passes": 1,
                            "fails": 0
                        },
                        "business code is 0": {
                            "name": "business code is 0",
                            "path": "::setup::business code is 0",
                            "id": "ba765714ab8a5e0a4c45e510f529d4ed",
                            "passes": 1,
                            "fails": 0
                        }
                    },
                "name": "setup",
                "path": "::setup",
                "id": "5c0f8025f7e0b6654089e5b00e950f1a"
            }
        },
        "checks": {
            "http status is 200": {
                "name": "http status is 200",
                "path": "::http status is 200",
                "id": "ea2fe6ab7eecb8c5b564c043a0723b30",
                "passes": 1911,
                "fails": 0
            },
            "response body is json": {
                "name": "response body is json",
                "path": "::response body is json",
                "id": "1478e8b405684c6d341a9699a4534bc6",
                "passes": 1911,
                "fails": 0
            },
            "business code is 0": {
                "name": "business code is 0",
                "path": "::business code is 0",
                "id": "d8310cd321aa42577edcc8c02ffccb2d",
                "passes": 1911,
                "fails": 0
            }
        }
    }
}