{
    "metrics": {
        "http_req_waiting": {
            "p(95)": 1547.474,
            "avg": 1031.3682203389833,
            "min": 75.543,
            "med": 1089.683,
            "max": 2027.013,
            "p(90)": 1331.013
        },
        "iterations": {
            "count": 1120,
            "rate": 36.67969745668545
        },
        "http_req_tls_handshaking": {
            "med": 0,
            "max": 0,
            "p(90)": 0,
            "p(95)": 0,
            "avg": 0,
            "min": 0
        },
        "order_create_failed_total": {
            "count": 35,
            "rate": 1.1462405455214204
        },
        "http_req_duration": {
            "max": 2027.095,
            "p(90)": 1331.081,
            "p(95)": 1547.532,
            "avg": 1031.452735950045,
            "min": 75.901,
            "med": 1089.754
        },
        "http_req_sending": {
            "p(95)": 0.044,
            "avg": 0.034261373773416565,
            "min": 0.003,
            "med": 0.016,
            "max": 4.224,
            "p(90)": 0.028
        },
        "http_req_receiving": {
            "avg": 0.05025423728813557,
            "min": 0.007,
            "med": 0.042,
            "max": 0.889,
            "p(90)": 0.073,
            "p(95)": 0.09
        },
        "http_req_connecting": {
            "p(90)": 0,
            "p(95)": 0,
            "avg": 0.05877163247100802,
            "min": 0,
            "med": 0,
            "max": 5.439
        },
        "http_reqs": {
            "rate": 36.71244718655749,
            "count": 1121
        },
        "http_req_blocked": {
            "avg": 0.06651025869759135,
            "min": 0.001,
            "med": 0.004,
            "max": 5.45,
            "p(90)": 0.007,
            "p(95)": 0.015
        },
        "vus": {
            "min": 40,
            "max": 40,
            "value": 40
        },
        "order_create_failed": {
            "passes": 35,
            "fails": 1085,
            "thresholds": {
                "rate<0.05": false
            },
            "value": 0.03125
        },
        "http_req_failed": {
            "passes": 0,
            "fails": 1121,
            "thresholds": {
                "rate<0.01": false
            },
            "value": 0
        },
        "data_received": {
            "count": 811239,
            "rate": 26567.85811166433
        },
        "vus_max": {
            "min": 40,
            "max": 40,
            "value": 40
        },
        "http_req_duration{expected_response:true}": {
            "med": 1089.754,
            "max": 2027.095,
            "p(90)": 1331.081,
            "p(95)": 1547.532,
            "avg": 1031.452735950045,
            "min": 75.901
        },
        "checks": {
            "passes": 3328,
            "fails": 35,
            "value": 0.9895926256318763
        },
        "order_create_duration": {
            "avg": 1032.3059071428574,
            "min": 426.374,
            "med": 1089.757,
            "max": 2027.095,
            "p(90)": 1331.2101,
            "p(95)": 1547.6470499999998,
            "thresholds": {
                "p(95)<1500": true
            }
        },
        "data_sent": {
            "count": 715637,
            "rate": 23436.918436437507
        },
        "iteration_duration": {
            "avg": 1082.1502838357155,
            "min": 477.015875,
            "med": 1141.0085625,
            "max": 2055.221417,
            "p(90)": 1382.3156875000002,
            "p(95)": 1598.2112978999999
        }
    },
    "setup_data": {
        "token": "Bearer eyJhbGciOiJIUzI1NiIsInR5cCI6IkpXVCJ9.eyJleHAiOjE3NzQ0NDcxMDIsImlzcyI6Im1lc2hjYXJ0LmdhdGV3YXkiLCJvcmlnX2lhdCI6MTc3NDQzOTkwMiwicm9sZSI6InVzZXIiLCJzZXNzaW9uX2lkIjoiMWEzZDBhMDUtMzg4OS00Y2U5LTg3ZTItMDJjNzEwMjZkZDk5IiwidXNlcl9pZCI6MjAzNjM2MDA1NzMyNjY2OTgyNCwidXNlcm5hbWUiOiJsb2FkdGVzdF91c2VyXzAxIn0.OTX0_NlPxn8q_2yf2O20G_jz8-_kKnLqomJiTZ3qCoc"
    },
    "root_group": {
        "name": "",
        "path": "",
        "id": "d41d8cd98f00b204e9800998ecf8427e",
        "groups": {
            "setup": {
                "path": "::setup",
                "id": "5c0f8025f7e0b6654089e5b00e950f1a",
                "groups": {},
                "checks": {
                        "http status is 200": {
                            "name": "http status is 200",
                            "path": "::setup::http status is 200",
                            "id": "3848a3865263de2b5f762cb94bd15b64",
                            "passes": 1,
                            "fails": 0
                        },
                        "response body is json": {
                            "passes": 1,
                            "fails": 0,
                            "name": "response body is json",
                            "path": "::setup::response body is json",
                            "id": "1fa74caf9501ef2899291647a50b3658"
                        },
                        "business code is 0": {
                            "name": "business code is 0",
                            "path": "::setup::business code is 0",
                            "id": "ba765714ab8a5e0a4c45e510f529d4ed",
                            "passes": 1,
                            "fails": 0
                        }
                    },
                "name": "setup"
            }
        },
        "checks": {
            "http status is 200": {
                "id": "ea2fe6ab7eecb8c5b564c043a0723b30",
                "passes": 1120,
                "fails": 0,
                "name": "http status is 200",
                "path": "::http status is 200"
            },
            "response body is json": {
                "name": "response body is json",
                "path": "::response body is json",
                "id": "1478e8b405684c6d341a9699a4534bc6",
                "passes": 1120,
                "fails": 0
            },
            "business code is 0": {
                "name": "business code is 0",
                "path": "::business code is 0",
                "id": "d8310cd321aa42577edcc8c02ffccb2d",
                "passes": 1085,
                "fails": 35
            }
        }
    }
}