{
    "metrics": {
        "data_sent": {
            "count": 1136247,
            "rate": 56424.75705881161
        },
        "vus_max": {
            "value": 10,
            "min": 10,
            "max": 10
        },
        "http_reqs": {
            "count": 1772,
            "rate": 87.99554102955975
        },
        "iterations": {
            "count": 1771,
            "rate": 87.94588214636022
        },
        "order_create_duration": {
            "p(95)": 170.03499999999997,
            "avg": 61.64247600225867,
            "min": 14.153,
            "med": 45.145,
            "max": 511.183,
            "p(90)": 98.808,
            "thresholds": {
                "p(95)<1500": false
            }
        },
        "order_create_failed": {
            "passes": 0,
            "fails": 1771,
            "thresholds": {
                "rate<0.05": false
            },
            "value": 0
        },
        "http_req_duration": {
            "avg": 61.668705981941365,
            "min": 14.153,
            "med": 45.165000000000006,
            "max": 511.183,
            "p(90)": 99.11670000000001,
            "p(95)": 170.01949999999997
        },
        "http_req_tls_handshaking": {
            "avg": 0,
            "min": 0,
            "med": 0,
            "max": 0,
            "p(90)": 0,
            "p(95)": 0
        },
        "http_req_sending": {
            "max": 6.267,
            "p(90)": 0.039,
            "p(95)": 0.05289999999999984,
            "avg": 0.03874887133182861,
            "min": 0.004,
            "med": 0.02
        },
        "http_req_duration{expected_response:true}": {
            "med": 45.165000000000006,
            "max": 511.183,
            "p(90)": 99.11670000000001,
            "p(95)": 170.01949999999997,
            "avg": 61.668705981941365,
            "min": 14.153
        },
        "http_req_waiting": {
            "med": 45.0895,
            "max": 511.057,
            "p(90)": 98.86470000000001,
            "p(95)": 169.91854999999998,
            "avg": 61.56612246049658,
            "min": 14.088
        },
        "http_req_connecting": {
            "p(95)": 0,
            "avg": 0.0014723476297968396,
            "min": 0,
            "med": 0,
            "max": 0.427,
            "p(90)": 0
        },
        "iteration_duration": {
            "p(90)": 150.218667,
            "p(95)": 223.04568749999976,
            "avg": 113.01171685262582,
            "min": 64.541584,
            "med": 96.213084,
            "max": 562.343583
        },
        "http_req_blocked": {
            "avg": 0.008195823927765215,
            "min": 0.001,
            "med": 0.005,
            "max": 0.791,
            "p(90)": 0.009,
            "p(95)": 0.013
        },
        "vus": {
            "value": 10,
            "min": 10,
            "max": 10
        },
        "http_req_failed": {
            "fails": 1772,
            "passes": 0,
            "thresholds": {
                "rate<0.01": false
            },
            "value": 0
        },
        "data_received": {
            "count": 1306111,
            "rate": 64860.01359461586
        },
        "http_req_receiving": {
            "p(90)": 0.107,
            "p(95)": 0.13344999999999993,
            "avg": 0.063834650112867,
            "min": 0.01,
            "med": 0.052,
            "max": 3.833
        },
        "checks": {
            "passes": 5316,
            "fails": 0,
            "value": 1
        }
    },
    "setup_data": {
        "token": "Bearer eyJhbGciOiJIUzI1NiIsInR5cCI6IkpXVCJ9.eyJleHAiOjE3NzQ0NDUyNzcsImlzcyI6Im1lc2hjYXJ0LmdhdGV3YXkiLCJvcmlnX2lhdCI6MTc3NDQzODA3Nywicm9sZSI6InVzZXIiLCJzZXNzaW9uX2lkIjoiMjI2YmQwOTQtMTkwNi00ODE2LWJhMDctZWU2ZDgxNGYxMjBiIiwidXNlcl9pZCI6MjAzNjM2MDA1NzMyNjY2OTgyNCwidXNlcm5hbWUiOiJsb2FkdGVzdF91c2VyXzAxIn0.UREysVazZd7yn6voR5Lfp_7j0PH64_9SLFHHBFvd2uA"
    },
    "root_group": {
        "name": "",
        "path": "",
        "id": "d41d8cd98f00b204e9800998ecf8427e",
        "groups": {
            "setup": {
                "name": "setup",
                "path": "::setup",
                "id": "5c0f8025f7e0b6654089e5b00e950f1a",
                "groups": {},
                "checks": {
                        "http status is 200": {
                            "name": "http status is 200",
                            "path": "::setup::http status is 200",
                            "id": "3848a3865263de2b5f762cb94bd15b64",
                            "passes": 1,
                            "fails": 0
                        },
                        "response body is json": {
                            "name": "response body is json",
                            "path": "::setup::response body is json",
                            "id": "1fa74caf9501ef2899291647a50b3658",
                            "passes": 1,
                            "fails": 0
                        },
                        "business code is 0": {
                            "path": "::setup::business code is 0",
                            "id": "ba765714ab8a5e0a4c45e510f529d4ed",
                            "passes": 1,
                            "fails": 0,
                            "name": "business code is 0"
                        }
                    }
            }
        },
        "checks": {
            "http status is 200": {
                "passes": 1771,
                "fails": 0,
                "name": "http status is 200",
                "path": "::http status is 200",
                "id": "ea2fe6ab7eecb8c5b564c043a0723b30"
            },
            "response body is json": {
                "fails": 0,
                "name": "response body is json",
                "path": "::response body is json",
                "id": "1478e8b405684c6d341a9699a4534bc6",
                "passes": 1771
            },
            "business code is 0": {
                "name": "business code is 0",
                "path": "::business code is 0",
                "id": "d8310cd321aa42577edcc8c02ffccb2d",
                "passes": 1771,
                "fails": 0
            }
        }
    }
}