{
    "metrics": {
        "checks": {
            "passes": 126,
            "fails": 0,
            "value": 1
        },
        "vus_max": {
            "min": 1,
            "max": 1,
            "value": 1
        },
        "http_reqs": {
            "count": 42,
            "rate": 8.215448172258387
        },
        "http_req_waiting": {
            "avg": 22.691452380952377,
            "min": 15.672,
            "med": 18.758000000000003,
            "max": 102.237,
            "p(90)": 28.095300000000005,
            "p(95)": 48.32434999999997
        },
        "http_req_failed": {
            "passes": 0,
            "fails": 42,
            "thresholds": {
                "rate<0.01": false
            },
            "value": 0
        },
        "http_req_duration": {
            "p(95)": 48.41554999999997,
            "avg": 22.80397619047619,
            "min": 15.743,
            "med": 18.8365,
            "max": 103.301,
            "p(90)": 28.165700000000005
        },
        "http_req_connecting": {
            "avg": 0.017642857142857144,
            "min": 0,
            "med": 0,
            "max": 0.599,
            "p(90)": 0,
            "p(95)": 0
        },
        "http_req_sending": {
            "min": 0.017,
            "med": 0.02,
            "max": 0.935,
            "p(90)": 0.038200000000000005,
            "p(95)": 0.04495,
            "avg": 0.04526190476190474
        },
        "data_sent": {
            "count": 26306,
            "rate": 5145.609038557836
        },
        "http_req_tls_handshaking": {
            "p(90)": 0,
            "p(95)": 0,
            "avg": 0,
            "min": 0,
            "med": 0,
            "max": 0
        },
        "http_req_receiving": {
            "avg": 0.06726190476190477,
            "min": 0.042,
            "med": 0.058,
            "max": 0.197,
            "p(90)": 0.09530000000000002,
            "p(95)": 0.12009999999999996
        },
        "iterations": {
            "count": 41,
            "rate": 8.019842263395091
        },
        "iteration_duration": {
            "p(90)": 123.45725,
            "p(95)": 131.116125,
            "avg": 122.06856602439026,
            "min": 116.326666,
            "med": 120.299292,
            "max": 158.812584
        },
        "vus": {
            "value": 1,
            "min": 1,
            "max": 1
        },
        "http_req_blocked": {
            "avg": 0.0451428571428571,
            "min": 0.003,
            "med": 0.005,
            "max": 1.5,
            "p(90)": 0.006,
            "p(95)": 0.01274999999999999
        },
        "data_received": {
            "count": 31183,
            "rate": 6099.579056084126
        },
        "http_req_duration{expected_response:true}": {
            "avg": 22.80397619047619,
            "min": 15.743,
            "med": 18.8365,
            "max": 103.301,
            "p(90)": 28.165700000000005,
            "p(95)": 48.41554999999997
        },
        "order_create_failed": {
            "passes": 0,
            "fails": 41,
            "thresholds": {
                "rate<0.05": false
            },
            "value": 0
        },
        "order_create_duration": {
            "avg": 20.840634146341465,
            "min": 15.743,
            "med": 18.808,
            "max": 56.407,
            "p(90)": 22.079,
            "p(95)": 29.616,
            "thresholds": {
                "p(95)<1500": false
            }
        }
    },
    "setup_data": {
        "token": "Bearer eyJhbGciOiJIUzI1NiIsInR5cCI6IkpXVCJ9.eyJleHAiOjE3NzQ0MzAyMTYsImlzcyI6Im1lc2hjYXJ0LmdhdGV3YXkiLCJvcmlnX2lhdCI6MTc3NDQyMzAxNiwicm9sZSI6InVzZXIiLCJzZXNzaW9uX2lkIjoiZTJlZWFlYzQtNDg2Ny00NDI4LTg2N2ItYjUwYjU2MTg4YjgyIiwidXNlcl9pZCI6MjAzNjM2MDA1NzMyNjY2OTgyNCwidXNlcm5hbWUiOiJsb2FkdGVzdF91c2VyXzAxIn0.CjzYExTp0_E820sTYI387dYe6mo9K0MZE5KSX5dIJuo"
    },
    "root_group": {
        "name": "",
        "path": "",
        "id": "d41d8cd98f00b204e9800998ecf8427e",
        "groups": {
            "setup": {
                "id": "5c0f8025f7e0b6654089e5b00e950f1a",
                "groups": {},
                "checks": {
                        "http status is 200": {
                            "name": "http status is 200",
                            "path": "::setup::http status is 200",
                            "id": "3848a3865263de2b5f762cb94bd15b64",
                            "passes": 1,
                            "fails": 0
                        },
                        "response body is json": {
                            "name": "response body is json",
                            "path": "::setup::response body is json",
                            "id": "1fa74caf9501ef2899291647a50b3658",
                            "passes": 1,
                            "fails": 0
                        },
                        "business code is 0": {
                            "name": "business code is 0",
                            "path": "::setup::business code is 0",
                            "id": "ba765714ab8a5e0a4c45e510f529d4ed",
                            "passes": 1,
                            "fails": 0
                        }
                    },
                "name": "setup",
                "path": "::setup"
            }
        },
        "checks": {
            "http status is 200": {
                "name": "http status is 200",
                "path": "::http status is 200",
                "id": "ea2fe6ab7eecb8c5b564c043a0723b30",
                "passes": 41,
                "fails": 0
            },
            "response body is json": {
                "passes": 41,
                "fails": 0,
                "name": "response body is json",
                "path": "::response body is json",
                "id": "1478e8b405684c6d341a9699a4534bc6"
            },
            "business code is 0": {
                "fails": 0,
                "name": "business code is 0",
                "path": "::business code is 0",
                "id": "d8310cd321aa42577edcc8c02ffccb2d",
                "passes": 41
            }
        }
    }
}