{
    "root_group": {
        "path": "",
        "id": "d41d8cd98f00b204e9800998ecf8427e",
        "groups": {},
        "checks": {
                "http status is 200": {
                    "passes": 1028,
                    "fails": 0,
                    "name": "http status is 200",
                    "path": "::http status is 200",
                    "id": "ea2fe6ab7eecb8c5b564c043a0723b30"
                },
                "response body is json": {
                    "passes": 1028,
                    "fails": 0,
                    "name": "response body is json",
                    "path": "::response body is json",
                    "id": "1478e8b405684c6d341a9699a4534bc6"
                },
                "business code is 0": {
                    "path": "::business code is 0",
                    "id": "d8310cd321aa42577edcc8c02ffccb2d",
                    "passes": 1028,
                    "fails": 0,
                    "name": "business code is 0"
                }
            },
        "name": ""
    },
    "metrics": {
        "order_create_failed": {
            "passes": 0,
            "fails": 514,
            "thresholds": {
                "rate<0.01": false
            },
            "value": 0
        },
        "http_req_duration{expected_response:true}": {
            "med": 127.3675,
            "max": 527.216,
            "p(90)": 256.9392,
            "p(95)": 323.59285,
            "avg": 142.81993482490282,
            "min": 25.863
        },
        "vus": {
            "value": 20,
            "min": 20,
            "max": 20
        },
        "http_reqs": {
            "count": 1028,
            "rate": 49.760592495696045
        },
        "http_req_tls_handshaking": {
            "p(90)": 0,
            "p(95)": 0,
            "avg": 0,
            "min": 0,
            "med": 0,
            "max": 0
        },
        "data_received": {
            "count": 833194,
            "rate": 40330.96021776165
        },
        "iteration_duration": {
            "p(90)": 906.2929374,
            "p(95)": 947.5099520999996,
            "avg": 790.1747923307393,
            "min": 628.327,
            "med": 773.2550209999999,
            "max": 1168.761125
        },
        "iterations": {
            "count": 514,
            "rate": 24.880296247848023
        },
        "http_req_blocked": {
            "avg": 0.021217898832684934,
            "min": 0.002,
            "med": 0.0055,
            "max": 1.666,
            "p(90)": 0.008,
            "p(95)": 0.013
        },
        "http_req_duration": {
            "avg": 142.81993482490282,
            "min": 25.863,
            "med": 127.3675,
            "max": 527.216,
            "p(90)": 256.9392,
            "p(95)": 323.59285
        },
        "http_req_failed": {
            "passes": 0,
            "fails": 1028,
            "thresholds": {
                "rate<0.01": false
            },
            "value": 0
        },
        "http_req_waiting": {
            "min": 25.729,
            "med": 127.2855,
            "max": 526.798,
            "p(90)": 256.7394,
            "p(95)": 323.52485,
            "avg": 142.6796177042802
        },
        "checks": {
            "passes": 3084,
            "fails": 0,
            "value": 1
        },
        "http_req_connecting": {
            "med": 0,
            "max": 0.603,
            "p(90)": 0,
            "p(95)": 0,
            "avg": 0.006459143968871595,
            "min": 0
        },
        "order_create_duration": {
            "max": 256.764,
            "p(90)": 158.274,
            "p(95)": 183.97884999999994,
            "avg": 85.41488715953307,
            "min": 25.863,
            "med": 69.10849999999999,
            "thresholds": {
                "p(95)<1500": false
            }
        },
        "http_req_sending": {
            "p(90)": 0.036,
            "p(95)": 0.053649999999999955,
            "avg": 0.059936770428015804,
            "min": 0.006,
            "med": 0.021,
            "max": 19.279
        },
        "vus_max": {
            "value": 20,
            "min": 20,
            "max": 20
        },
        "http_req_receiving": {
            "med": 0.063,
            "max": 2.528,
            "p(90)": 0.10730000000000002,
            "p(95)": 0.1522999999999999,
            "avg": 0.08038035019455263,
            "min": 0.014
        },
        "data_sent": {
            "count": 424224,
            "rate": 20534.666917212217
        }
    }
}