{
    "metrics": {
        "http_req_connecting": {
            "avg": 0.014025174825174826,
            "min": 0,
            "med": 0,
            "max": 1.044,
            "p(90)": 0,
            "p(95)": 0
        },
        "iteration_duration": {
            "avg": 849.7363234481804,
            "min": 279.091291,
            "med": 912.304854,
            "max": 1463.991209,
            "p(90)": 1169.6575749,
            "p(95)": 1226.4484040500001
        },
        "http_reqs": {
            "count": 715,
            "rate": 23.36772746889437
        },
        "http_req_waiting": {
            "avg": 796.9580517482519,
            "min": 86.499,
            "med": 860.831,
            "max": 1412.407,
            "p(90)": 1116.6484,
            "p(95)": 1174.5267000000001
        },
        "checks": {
            "passes": 2145,
            "fails": 0,
            "value": 1
        },
        "order_create_duration": {
            "p(95)": 1174.7947,
            "avg": 798.1206344537819,
            "min": 228.047,
            "med": 861.017,
            "max": 1412.56,
            "p(90)": 1117.6272000000001,
            "thresholds": {
                "p(95)<1500": false
            }
        },
        "http_req_blocked": {
            "min": 0.002,
            "med": 0.006,
            "max": 1.084,
            "p(90)": 0.013,
            "p(95)": 0.024299999999999967,
            "avg": 0.022671328671328726
        },
        "iterations": {
            "count": 714,
            "rate": 23.335045332574236
        },
        "http_req_duration": {
            "p(90)": 1116.8966,
            "p(95)": 1174.7666,
            "avg": 797.125573426574,
            "min": 86.652,
            "med": 860.988,
            "max": 1412.56
        },
        "http_req_duration{expected_response:true}": {
            "med": 860.988,
            "max": 1412.56,
            "p(90)": 1116.8966,
            "p(95)": 1174.7666,
            "avg": 797.125573426574,
            "min": 86.652
        },
        "vus": {
            "value": 20,
            "min": 20,
            "max": 20
        },
        "order_create_failed": {
            "passes": 0,
            "fails": 714,
            "thresholds": {
                "rate<0.05": false
            },
            "value": 0
        },
        "http_req_failed": {
            "passes": 0,
            "fails": 715,
            "thresholds": {
                "rate<0.01": false
            },
            "value": 0
        },
        "data_received": {
            "rate": 17273.489509279356,
            "count": 528530
        },
        "vus_max": {
            "value": 20,
            "min": 20,
            "max": 20
        },
        "http_req_sending": {
            "avg": 0.06839020979020985,
            "min": 0.006,
            "med": 0.027,
            "max": 15.405,
            "p(90)": 0.056,
            "p(95)": 0.09029999999999996
        },
        "http_req_receiving": {
            "avg": 0.09913146853146848,
            "min": 0.023,
            "med": 0.071,
            "max": 4.299,
            "p(90)": 0.1486,
            "p(95)": 0.2148999999999999
        },
        "http_req_tls_handshaking": {
            "avg": 0,
            "min": 0,
            "med": 0,
            "max": 0,
            "p(90)": 0,
            "p(95)": 0
        },
        "data_sent": {
            "rate": 14903.511711888666,
            "count": 456014
        }
    },
    "setup_data": {
        "token": "Bearer eyJhbGciOiJIUzI1NiIsInR5cCI6IkpXVCJ9.eyJleHAiOjE3NzQ0NTA3NTksImlzcyI6Im1lc2hjYXJ0LmdhdGV3YXkiLCJvcmlnX2lhdCI6MTc3NDQ0MzU1OSwicm9sZSI6InVzZXIiLCJzZXNzaW9uX2lkIjoiOWIyYzg2YzktMGFmNC00YTIxLTlhNWMtMzM4NGZjN2NhM2NkIiwidXNlcl9pZCI6MjAzNjM2MDA1NzMyNjY2OTgyNCwidXNlcm5hbWUiOiJsb2FkdGVzdF91c2VyXzAxIn0.IwQ6xv_WcmvXS2AYND6tn60BROPEr6ZJXvILG2sJLQE"
    },
    "root_group": {
        "groups": {
            "setup": {
                "checks": {
                    "http status is 200": {
                        "name": "http status is 200",
                        "path": "::setup::http status is 200",
                        "id": "3848a3865263de2b5f762cb94bd15b64",
                        "passes": 1,
                        "fails": 0
                    },
                    "response body is json": {
                        "path": "::setup::response body is json",
                        "id": "1fa74caf9501ef2899291647a50b3658",
                        "passes": 1,
                        "fails": 0,
                        "name": "response body is json"
                    },
                    "business code is 0": {
                        "fails": 0,
                        "name": "business code is 0",
                        "path": "::setup::business code is 0",
                        "id": "ba765714ab8a5e0a4c45e510f529d4ed",
                        "passes": 1
                    }
                },
                "name": "setup",
                "path": "::setup",
                "id": "5c0f8025f7e0b6654089e5b00e950f1a",
                "groups": {}
            }
        },
        "checks": {
            "http status is 200": {
                "name": "http status is 200",
                "path": "::http status is 200",
                "id": "ea2fe6ab7eecb8c5b564c043a0723b30",
                "passes": 714,
                "fails": 0
            },
            "response body is json": {
                "name": "response body is json",
                "path": "::response body is json",
                "id": "1478e8b405684c6d341a9699a4534bc6",
                "passes": 714,
                "fails": 0
            },
            "business code is 0": {
                "passes": 714,
                "fails": 0,
                "name": "business code is 0",
                "path": "::business code is 0",
                "id": "d8310cd321aa42577edcc8c02ffccb2d"
            }
        },
        "name": "",
        "path": "",
        "id": "d41d8cd98f00b204e9800998ecf8427e"
    }
}