{
    "root_group": {
        "groups": {},
        "checks": {
                "http status is 200": {
                    "name": "http status is 200",
                    "path": "::http status is 200",
                    "id": "ea2fe6ab7eecb8c5b564c043a0723b30",
                    "passes": 1100,
                    "fails": 0
                },
                "response body is json": {
                    "name": "response body is json",
                    "path": "::response body is json",
                    "id": "1478e8b405684c6d341a9699a4534bc6",
                    "passes": 1100,
                    "fails": 0
                },
                "business code is 0": {
                    "name": "business code is 0",
                    "path": "::business code is 0",
                    "id": "d8310cd321aa42577edcc8c02ffccb2d",
                    "passes": 1100,
                    "fails": 0
                }
            },
        "name": "",
        "path": "",
        "id": "d41d8cd98f00b204e9800998ecf8427e"
    },
    "metrics": {
        "http_req_tls_handshaking": {
            "p(90)": 0,
            "p(95)": 0,
            "avg": 0,
            "min": 0,
            "med": 0,
            "max": 0
        },
        "order_create_duration": {
            "p(95)": 190.29455,
            "avg": 71.39181818181815,
            "min": 20.397,
            "med": 54.882999999999996,
            "max": 410.959,
            "p(90)": 130.92620000000002,
            "thresholds": {
                "p(95)<1500": false
            }
        },
        "http_req_duration{expected_response:true}": {
            "med": 117.6275,
            "max": 431.331,
            "p(90)": 224.71120000000002,
            "p(95)": 260.67914999999994,
            "avg": 121.5111963636363,
            "min": 20.397
        },
        "http_reqs": {
            "count": 1100,
            "rate": 52.82182090550335
        },
        "data_sent": {
            "count": 453942,
            "rate": 21798.22093226
        },
        "http_req_connecting": {
            "avg": 0.005113636363636364,
            "min": 0,
            "med": 0,
            "max": 0.455,
            "p(90)": 0,
            "p(95)": 0
        },
        "iteration_duration": {
            "avg": 745.8893731218183,
            "min": 625.80525,
            "med": 726.4719165,
            "max": 1147.381458,
            "p(90)": 840.8581747000001,
            "p(95)": 891.15215815
        },
        "http_req_blocked": {
            "p(95)": 0.012049999999999951,
            "avg": 0.019513636363636493,
            "min": 0.001,
            "med": 0.005,
            "max": 1.373,
            "p(90)": 0.007
        },
        "http_req_receiving": {
            "max": 6.274,
            "p(90)": 0.09720000000000005,
            "p(95)": 0.13904999999999995,
            "avg": 0.07804454545454556,
            "min": 0.011,
            "med": 0.057
        },
        "http_req_sending": {
            "min": 0.004,
            "med": 0.019,
            "max": 10.913,
            "p(90)": 0.034,
            "p(95)": 0.050049999999999956,
            "avg": 0.045012727272727295
        },
        "vus_max": {
            "value": 20,
            "min": 20,
            "max": 20
        },
        "checks": {
            "passes": 3300,
            "fails": 0,
            "value": 1
        },
        "vus": {
            "value": 20,
            "min": 20,
            "max": 20
        },
        "http_req_failed": {
            "passes": 0,
            "fails": 1100,
            "thresholds": {
                "rate<0.01": false
            },
            "value": 0
        },
        "http_req_duration": {
            "min": 20.397,
            "med": 117.6275,
            "max": 431.331,
            "p(90)": 224.71120000000002,
            "p(95)": 260.67914999999994,
            "avg": 121.5111963636363
        },
        "http_req_waiting": {
            "avg": 121.38813909090909,
            "min": 20.329,
            "med": 117.5305,
            "max": 431.258,
            "p(90)": 224.651,
            "p(95)": 260.62354999999997
        },
        "data_received": {
            "count": 891550,
            "rate": 42812.08584391046
        },
        "iterations": {
            "count": 550,
            "rate": 26.410910452751676
        },
        "order_create_failed": {
            "passes": 0,
            "fails": 550,
            "thresholds": {
                "rate<0.01": false
            },
            "value": 0
        }
    }
}