{
    "metrics": {
        "checks": {
            "fails": 27376,
            "passes": 55010,
            "value": 0.6677105333430438
        },
        "order_create_failed_total": {
            "count": 27376,
            "rate": 1270.0305496718756
        },
        "data_received": {
            "count": 6903092,
            "rate": 320249.0402979079
        },
        "http_reqs": {
            "count": 27462,
            "rate": 1274.0202715915052
        },
        "http_req_receiving": {
            "p(95)": 0.065,
            "avg": 0.04350804748379333,
            "min": 0.005,
            "med": 0.017,
            "max": 41.219,
            "p(90)": 0.041
        },
        "vus": {
            "max": 40,
            "value": 20,
            "min": 20
        },
        "order_create_failed": {
            "passes": 27376,
            "fails": 85,
            "thresholds": {
                "rate<0.05": true
            },
            "value": 0.9969047012126289
        },
        "http_req_duration": {
            "max": 2019.589,
            "p(90)": 2.4858000000000016,
            "p(95)": 4.968949999999999,
            "avg": 29.789713786322842,
            "min": 0.058,
            "med": 0.533
        },
        "http_req_tls_handshaking": {
            "max": 0,
            "p(90)": 0,
            "p(95)": 0,
            "avg": 0,
            "min": 0,
            "med": 0
        },
        "http_req_connecting": {
            "avg": 0.004276272667686258,
            "min": 0,
            "med": 0,
            "max": 8.865,
            "p(90)": 0,
            "p(95)": 0
        },
        "order_create_duration": {
            "min": 0.058,
            "med": 0.533,
            "max": 2019.589,
            "p(90)": 2.484,
            "p(95)": 4.968,
            "avg": 29.78707967663224,
            "thresholds": {
                "p(95)<1500": false
            }
        },
        "http_req_sending": {
            "p(95)": 0.02,
            "avg": 0.02117697181559625,
            "min": 0.002,
            "med": 0.007,
            "max": 23.013,
            "p(90)": 0.015
        },
        "data_sent": {
            "count": 17585424,
            "rate": 815825.0185904804
        },
        "iterations": {
            "count": 27461,
            "rate": 1273.9738794761606
        },
        "http_req_waiting": {
            "max": 2019.556,
            "p(90)": 2.3789000000000007,
            "p(95)": 4.720649999999991,
            "avg": 29.725028767023492,
            "min": 0.045,
            "med": 0.497
        },
        "vus_max": {
            "value": 40,
            "min": 40,
            "max": 40
        },
        "http_req_blocked": {
            "min": 0,
            "med": 0.002,
            "max": 10.425,
            "p(90)": 0.004,
            "p(95)": 0.005,
            "avg": 0.008163607894547108
        },
        "http_req_duration{expected_response:true}": {
            "avg": 29.789713786322842,
            "min": 0.058,
            "med": 0.533,
            "max": 2019.589,
            "p(90)": 2.4858000000000016,
            "p(95)": 4.968949999999999
        },
        "http_req_failed": {
            "passes": 0,
            "fails": 27462,
            "thresholds": {
                "rate<0.01": false
            },
            "value": 0
        },
        "iteration_duration": {
            "min": 0.13,
            "med": 0.733375,
            "max": 2019.999083,
            "p(90)": 2.952708,
            "p(95)": 6.080292,
            "avg": 30.265022725173843
        }
    },
    "setup_data": {
        "token": "Bearer eyJhbGciOiJIUzI1NiIsInR5cCI6IkpXVCJ9.eyJleHAiOjE3NzQ0MzQ5MzksImlzcyI6Im1lc2hjYXJ0LmdhdGV3YXkiLCJvcmlnX2lhdCI6MTc3NDQyNzczOSwicm9sZSI6InVzZXIiLCJzZXNzaW9uX2lkIjoiYWQxZWQwM2MtMmMzNi00OTdmLTgzMzAtMmI2ZWU0NGRiMjY4IiwidXNlcl9pZCI6MjAzNjM2MDA1NzMyNjY2OTgyNCwidXNlcm5hbWUiOiJsb2FkdGVzdF91c2VyXzAxIn0.34_MZ6dvtkAfDfdXiq7m-qoRLsyexNcO7rWbVICs_4o"
    },
    "root_group": {
        "checks": {
            "http status is 200": {
                "name": "http status is 200",
                "path": "::http status is 200",
                "id": "ea2fe6ab7eecb8c5b564c043a0723b30",
                "passes": 27461,
                "fails": 0
            },
            "response body is json": {
                "name": "response body is json",
                "path": "::response body is json",
                "id": "1478e8b405684c6d341a9699a4534bc6",
                "passes": 27461,
                "fails": 0
            },
            "business code is 0": {
                "name": "business code is 0",
                "path": "::business code is 0",
                "id": "d8310cd321aa42577edcc8c02ffccb2d",
                "passes": 85,
                "fails": 27376
            }
        },
        "name": "",
        "path": "",
        "id": "d41d8cd98f00b204e9800998ecf8427e",
        "groups": {
            "setup": {
                "name": "setup",
                "path": "::setup",
                "id": "5c0f8025f7e0b6654089e5b00e950f1a",
                "groups": {},
                "checks": {
                        "http status is 200": {
                            "name": "http status is 200",
                            "path": "::setup::http status is 200",
                            "id": "3848a3865263de2b5f762cb94bd15b64",
                            "passes": 1,
                            "fails": 0
                        },
                        "response body is json": {
                            "name": "response body is json",
                            "path": "::setup::response body is json",
                            "id": "1fa74caf9501ef2899291647a50b3658",
                            "passes": 1,
                            "fails": 0
                        },
                        "business code is 0": {
                            "name": "business code is 0",
                            "path": "::setup::business code is 0",
                            "id": "ba765714ab8a5e0a4c45e510f529d4ed",
                            "passes": 1,
                            "fails": 0
                        }
                    }
            }
        }
    }
}