{
    "metrics": {
        "http_req_sending": {
            "avg": 0.03782884261140617,
            "min": 0.003,
            "med": 0.007,
            "max": 79.313,
            "p(90)": 0.014,
            "p(95)": 0.019
        },
        "data_received": {
            "count": 16298032,
            "rate": 795542.7823793038
        },
        "vus_max": {
            "value": 40,
            "min": 40,
            "max": 40
        },
        "http_req_tls_handshaking": {
            "avg": 0,
            "min": 0,
            "med": 0,
            "max": 0,
            "p(90)": 0,
            "p(95)": 0
        },
        "order_create_duration": {
            "avg": 11.446175265778908,
            "min": 0.094,
            "med": 0.795,
            "max": 2025.781,
            "p(90)": 2.884,
            "p(95)": 5.546999999999986,
            "thresholds": {
                "p(95)<1500": false
            }
        },
        "http_req_duration{expected_response:true}": {
            "p(95)": 5.551149999999997,
            "avg": 11.447588185706701,
            "min": 0.094,
            "med": 0.795,
            "max": 2025.781,
            "p(90)": 2.8843000000000014
        },
        "http_req_waiting": {
            "p(95)": 5.144149999999997,
            "avg": 11.344795232445646,
            "min": 0.078,
            "med": 0.753,
            "max": 2025.538,
            "p(90)": 2.747
        },
        "http_req_receiving": {
            "max": 70.887,
            "p(90)": 0.039,
            "p(95)": 0.063,
            "avg": 0.06496411064972424,
            "min": 0.006,
            "med": 0.018
        },
        "http_req_duration": {
            "avg": 11.447588185706701,
            "min": 0.094,
            "med": 0.795,
            "max": 2025.781,
            "p(90)": 2.8843000000000014,
            "p(95)": 5.551149999999997
        },
        "checks": {
            "fails": 63477,
            "passes": 128697,
            "value": 0.6696899684660776
        },
        "iterations": {
            "count": 64057,
            "rate": 3126.7630356150403
        },
        "order_create_failed": {
            "fails": 580,
            "passes": 63477,
            "thresholds": {
                "rate<0.05": true
            },
            "value": 0.9909455641069672
        },
        "http_req_connecting": {
            "p(90)": 0,
            "p(95)": 0,
            "avg": 0.00020009990945705453,
            "min": 0,
            "med": 0,
            "max": 0.663
        },
        "http_reqs": {
            "count": 64058,
            "rate": 3126.811847814107
        },
        "vus": {
            "value": 40,
            "min": 40,
            "max": 40
        },
        "http_req_blocked": {
            "p(95)": 0.005,
            "avg": 0.0038142308532906097,
            "min": 0,
            "med": 0.002,
            "max": 11.672,
            "p(90)": 0.004
        },
        "iteration_duration": {
            "avg": 12.450520069609778,
            "min": 0.205875,
            "med": 1.0285,
            "max": 2026.147167,
            "p(90)": 3.7025664000000003,
            "p(95)": 7.733950399999996
        },
        "http_req_failed": {
            "passes": 0,
            "fails": 64058,
            "thresholds": {
                "rate<0.01": false
            },
            "value": 0
        },
        "data_sent": {
            "rate": 2012335.574887139,
            "count": 41226079
        }
    },
    "setup_data": {
        "token": "Bearer eyJhbGciOiJIUzI1NiIsInR5cCI6IkpXVCJ9.eyJleHAiOjE3NzQ0MzAyNDgsImlzcyI6Im1lc2hjYXJ0LmdhdGV3YXkiLCJvcmlnX2lhdCI6MTc3NDQyMzA0OCwicm9sZSI6InVzZXIiLCJzZXNzaW9uX2lkIjoiZjZlMTc3OTAtMGI4Ni00MjY1LThkZGYtY2RmNjBiZjMxNjkxIiwidXNlcl9pZCI6MjAzNjM2MDA1NzMyNjY2OTgyNCwidXNlcm5hbWUiOiJsb2FkdGVzdF91c2VyXzAxIn0.d92dKHrBdL2WGl_9YOiZaEAePkLB99BfgT_yn8Q7Ql8"
    },
    "root_group": {
        "name": "",
        "path": "",
        "id": "d41d8cd98f00b204e9800998ecf8427e",
        "groups": {
            "setup": {
                "path": "::setup",
                "id": "5c0f8025f7e0b6654089e5b00e950f1a",
                "groups": {},
                "checks": {
                        "http status is 200": {
                            "name": "http status is 200",
                            "path": "::setup::http status is 200",
                            "id": "3848a3865263de2b5f762cb94bd15b64",
                            "passes": 1,
                            "fails": 0
                        },
                        "response body is json": {
                            "name": "response body is json",
                            "path": "::setup::response body is json",
                            "id": "1fa74caf9501ef2899291647a50b3658",
                            "passes": 1,
                            "fails": 0
                        },
                        "business code is 0": {
                            "name": "business code is 0",
                            "path": "::setup::business code is 0",
                            "id": "ba765714ab8a5e0a4c45e510f529d4ed",
                            "passes": 1,
                            "fails": 0
                        }
                    },
                "name": "setup"
            }
        },
        "checks": {
            "http status is 200": {
                "path": "::http status is 200",
                "id": "ea2fe6ab7eecb8c5b564c043a0723b30",
                "passes": 64057,
                "fails": 0,
                "name": "http status is 200"
            },
            "response body is json": {
                "path": "::response body is json",
                "id": "1478e8b405684c6d341a9699a4534bc6",
                "passes": 64057,
                "fails": 0,
                "name": "response body is json"
            },
            "business code is 0": {
                "fails": 63477,
                "name": "business code is 0",
                "path": "::business code is 0",
                "id": "d8310cd321aa42577edcc8c02ffccb2d",
                "passes": 580
            }
        }
    }
}