{
    "metrics": {
        "checks": {
            "passes": 92032,
            "fails": 45620,
            "value": 0.6685845465376457
        },
        "http_req_blocked": {
            "avg": 0.004102824513991811,
            "min": 0,
            "med": 0.002,
            "max": 5.062,
            "p(90)": 0.004,
            "p(95)": 0.005
        },
        "http_req_tls_handshaking": {
            "min": 0,
            "med": 0,
            "max": 0,
            "p(90)": 0,
            "p(95)": 0,
            "avg": 0
        },
        "data_received": {
            "count": 11601381,
            "rate": 565522.0416932191
        },
        "vus": {
            "value": 40,
            "min": 40,
            "max": 40
        },
        "order_create_duration": {
            "p(90)": 2.791,
            "p(95)": 5.126899999999998,
            "avg": 16.71753198352352,
            "min": 0.091,
            "med": 0.66,
            "max": 2036.914,
            "thresholds": {
                "p(95)<1500": false
            }
        },
        "http_req_connecting": {
            "max": 1.976,
            "p(90)": 0,
            "p(95)": 0,
            "avg": 0.0006042411298055968,
            "min": 0,
            "med": 0
        },
        "http_req_sending": {
            "avg": 0.025840532647545024,
            "min": 0.003,
            "med": 0.008,
            "max": 69.584,
            "p(90)": 0.015,
            "p(95)": 0.02
        },
        "iterations": {
            "count": 45883,
            "rate": 2236.617161268126
        },
        "http_req_duration": {
            "p(95)": 5.127849999999998,
            "avg": 16.720538880655777,
            "min": 0.091,
            "med": 0.66,
            "max": 2036.914,
            "p(90)": 2.791
        },
        "http_req_receiving": {
            "p(90)": 0.043,
            "p(95)": 0.066,
            "avg": 0.054800344346608514,
            "min": 0.006,
            "med": 0.019,
            "max": 50.305
        },
        "http_req_waiting": {
            "p(90)": 2.665,
            "p(95)": 4.858549999999994,
            "avg": 16.639898003661255,
            "min": 0.072,
            "med": 0.617,
            "max": 2036.87
        },
        "http_reqs": {
            "count": 45884,
            "rate": 2236.665907364965
        },
        "data_sent": {
            "count": 29391083,
            "rate": 1432700.578123834
        },
        "order_create_failed": {
            "passes": 45620,
            "fails": 263,
            "thresholds": {
                "rate<0.05": true
            },
            "value": 0.9942680295534294
        },
        "vus_max": {
            "value": 40,
            "min": 40,
            "max": 40
        },
        "http_req_duration{expected_response:true}": {
            "avg": 16.720538880655777,
            "min": 0.091,
            "med": 0.66,
            "max": 2036.914,
            "p(90)": 2.791,
            "p(95)": 5.127849999999998
        },
        "iteration_duration": {
            "med": 0.869417,
            "max": 2046.900125,
            "p(90)": 3.3918750000000006,
            "p(95)": 6.413404099999998,
            "avg": 17.386974723361483,
            "min": 0.195375
        },
        "http_req_failed": {
            "passes": 0,
            "fails": 45884,
            "thresholds": {
                "rate<0.01": false
            },
            "value": 0
        }
    },
    "setup_data": {
        "token": "Bearer eyJhbGciOiJIUzI1NiIsInR5cCI6IkpXVCJ9.eyJleHAiOjE3NzQ0MzAyNDksImlzcyI6Im1lc2hjYXJ0LmdhdGV3YXkiLCJvcmlnX2lhdCI6MTc3NDQyMzA0OSwicm9sZSI6InVzZXIiLCJzZXNzaW9uX2lkIjoiOWMxY2UwMGMtMTczOS00MGFhLWI5YTYtMjE4YzhiNTUwZDljIiwidXNlcl9pZCI6MjAzNjM2MDA1NzMyNjY2OTgyNCwidXNlcm5hbWUiOiJsb2FkdGVzdF91c2VyXzAxIn0.q3PDWI3U0150cZOI8WErjEfCaVIHBJ9wu-kKOh4Tu10"
    },
    "root_group": {
        "name": "",
        "path": "",
        "id": "d41d8cd98f00b204e9800998ecf8427e",
        "groups": {
            "setup": {
                "path": "::setup",
                "id": "5c0f8025f7e0b6654089e5b00e950f1a",
                "groups": {},
                "checks": {
                        "http status is 200": {
                            "name": "http status is 200",
                            "path": "::setup::http status is 200",
                            "id": "3848a3865263de2b5f762cb94bd15b64",
                            "passes": 1,
                            "fails": 0
                        },
                        "response body is json": {
                            "name": "response body is json",
                            "path": "::setup::response body is json",
                            "id": "1fa74caf9501ef2899291647a50b3658",
                            "passes": 1,
                            "fails": 0
                        },
                        "business code is 0": {
                            "name": "business code is 0",
                            "path": "::setup::business code is 0",
                            "id": "ba765714ab8a5e0a4c45e510f529d4ed",
                            "passes": 1,
                            "fails": 0
                        }
                    },
                "name": "setup"
            }
        },
        "checks": {
            "http status is 200": {
                "fails": 0,
                "name": "http status is 200",
                "path": "::http status is 200",
                "id": "ea2fe6ab7eecb8c5b564c043a0723b30",
                "passes": 45883
            },
            "response body is json": {
                "name": "response body is json",
                "path": "::response body is json",
                "id": "1478e8b405684c6d341a9699a4534bc6",
                "passes": 45883,
                "fails": 0
            },
            "business code is 0": {
                "id": "d8310cd321aa42577edcc8c02ffccb2d",
                "passes": 263,
                "fails": 45620,
                "name": "business code is 0",
                "path": "::business code is 0"
            }
        }
    }
}