{
    "metrics": {
        "http_reqs": {
            "count": 3515,
            "rate": 115.45470431114107
        },
        "http_req_connecting": {
            "avg": 0.002366145092460882,
            "min": 0,
            "med": 0,
            "max": 0.525,
            "p(90)": 0,
            "p(95)": 0
        },
        "iterations": {
            "count": 3514,
            "rate": 115.4218580225746
        },
        "vus_max": {
            "max": 40,
            "value": 40,
            "min": 40
        },
        "http_req_duration{expected_response:true}": {
            "avg": 292.522452347084,
            "min": 110.197,
            "med": 290.148,
            "max": 587.665,
            "p(90)": 353.1548,
            "p(95)": 397.37579999999997
        },
        "vus": {
            "value": 40,
            "min": 40,
            "max": 40
        },
        "http_req_blocked": {
            "avg": 0.008573826458037191,
            "min": 0.001,
            "med": 0.004,
            "max": 1.279,
            "p(90)": 0.006,
            "p(95)": 0.011
        },
        "checks": {
            "passes": 10545,
            "fails": 0,
            "value": 1
        },
        "http_req_duration": {
            "p(95)": 397.37579999999997,
            "avg": 292.522452347084,
            "min": 110.197,
            "med": 290.148,
            "max": 587.665,
            "p(90)": 353.1548
        },
        "http_req_waiting": {
            "avg": 292.4337908961595,
            "min": 110.008,
            "med": 290.088,
            "max": 587.619,
            "p(90)": 353.0798,
            "p(95)": 397.2923
        },
        "data_sent": {
            "count": 2247258,
            "rate": 73814.08475130762
        },
        "http_req_tls_handshaking": {
            "avg": 0,
            "min": 0,
            "med": 0,
            "max": 0,
            "p(90)": 0,
            "p(95)": 0
        },
        "http_req_sending": {
            "avg": 0.03003726884779567,
            "min": 0.003,
            "med": 0.019,
            "max": 10.274,
            "p(90)": 0.031,
            "p(95)": 0.03929999999999984
        },
        "data_received": {
            "count": 2597730,
            "rate": 85325.78919777539
        },
        "iteration_duration": {
            "p(95)": 448.2447398,
            "avg": 343.7302720768353,
            "min": 173.174709,
            "med": 341.0869585,
            "max": 638.179875,
            "p(90)": 404.87347950000003
        },
        "order_create_failed": {
            "passes": 0,
            "fails": 3514,
            "thresholds": {
                "rate<0.05": false
            },
            "value": 0
        },
        "http_req_failed": {
            "fails": 3515,
            "passes": 0,
            "thresholds": {
                "rate<0.01": false
            },
            "value": 0
        },
        "http_req_receiving": {
            "med": 0.048,
            "max": 12.348,
            "p(90)": 0.074,
            "p(95)": 0.083,
            "avg": 0.058624182076813726,
            "min": 0.015
        },
        "order_create_duration": {
            "min": 122.757,
            "med": 290.175,
            "max": 587.665,
            "p(90)": 353.15860000000004,
            "p(95)": 397.3791,
            "avg": 292.5743377916905,
            "thresholds": {
                "p(95)<1500": false
            }
        }
    },
    "setup_data": {
        "token": "Bearer eyJhbGciOiJIUzI1NiIsInR5cCI6IkpXVCJ9.eyJleHAiOjE3NzQ0NDgyNzgsImlzcyI6Im1lc2hjYXJ0LmdhdGV3YXkiLCJvcmlnX2lhdCI6MTc3NDQ0MTA3OCwicm9sZSI6InVzZXIiLCJzZXNzaW9uX2lkIjoiYzcyNGUwNTctMDc0MC00YTliLWJhOTMtOTQ1M2ExYTI3NmQyIiwidXNlcl9pZCI6MjAzNjM2MDA1NzMyNjY2OTgyNCwidXNlcm5hbWUiOiJsb2FkdGVzdF91c2VyXzAxIn0.vnCyFfoKXeo-Y0aWn59PnpNB5bC5NTjQA5P41xwCK_Q"
    },
    "root_group": {
        "path": "",
        "id": "d41d8cd98f00b204e9800998ecf8427e",
        "groups": {
            "setup": {
                "checks": {
                    "http status is 200": {
                        "passes": 1,
                        "fails": 0,
                        "name": "http status is 200",
                        "path": "::setup::http status is 200",
                        "id": "3848a3865263de2b5f762cb94bd15b64"
                    },
                    "response body is json": {
                        "name": "response body is json",
                        "path": "::setup::response body is json",
                        "id": "1fa74caf9501ef2899291647a50b3658",
                        "passes": 1,
                        "fails": 0
                    },
                    "business code is 0": {
                        "name": "business code is 0",
                        "path": "::setup::business code is 0",
                        "id": "ba765714ab8a5e0a4c45e510f529d4ed",
                        "passes": 1,
                        "fails": 0
                    }
                },
                "name": "setup",
                "path": "::setup",
                "id": "5c0f8025f7e0b6654089e5b00e950f1a",
                "groups": {}
            }
        },
        "checks": {
            "http status is 200": {
                "name": "http status is 200",
                "path": "::http status is 200",
                "id": "ea2fe6ab7eecb8c5b564c043a0723b30",
                "passes": 3514,
                "fails": 0
            },
            "response body is json": {
                "id": "1478e8b405684c6d341a9699a4534bc6",
                "passes": 3514,
                "fails": 0,
                "name": "response body is json",
                "path": "::response body is json"
            },
            "business code is 0": {
                "id": "d8310cd321aa42577edcc8c02ffccb2d",
                "passes": 3514,
                "fails": 0,
                "name": "business code is 0",
                "path": "::business code is 0"
            }
        },
        "name": ""
    }
}