{
    "metrics": {
        "http_req_failed": {
            "passes": 0,
            "fails": 9742,
            "thresholds": {
                "rate<0.01": false
            },
            "value": 0
        },
        "iteration_duration": {
            "max": 1545.84375,
            "p(90)": 154.1940125,
            "p(95)": 293.5117419999999,
            "avg": 105.08638540463969,
            "min": 0.126333,
            "med": 1.754333
        },
        "http_req_duration": {
            "min": 0.071,
            "med": 1.6444999999999999,
            "max": 1545.704,
            "p(90)": 51.4346,
            "p(95)": 192.76379999999978,
            "avg": 73.80446006980088,
            "thresholds": {
                "p(95)<1000": false
            }
        },
        "http_req_tls_handshaking": {
            "med": 0,
            "max": 0,
            "p(90)": 0,
            "p(95)": 0,
            "avg": 0,
            "min": 0
        },
        "http_req_connecting": {
            "min": 0,
            "med": 0,
            "max": 2.529,
            "p(90)": 0,
            "p(95)": 0,
            "avg": 0.004072161773763089
        },
        "http_req_receiving": {
            "max": 22.031,
            "p(90)": 0.062,
            "p(95)": 0.084,
            "avg": 0.060228187230547514,
            "min": 0.005,
            "med": 0.02
        },
        "data_sent": {
            "count": 1091104,
            "rate": 53149.16022588822
        },
        "iterations": {
            "count": 9742,
            "rate": 474.5460734454305
        },
        "http_req_waiting": {
            "p(90)": 51.412400000000005,
            "p(95)": 192.67474999999976,
            "avg": 73.72399106959539,
            "min": 0.061,
            "med": 1.593,
            "max": 1545.666
        },
        "checks": {
            "passes": 22493,
            "fails": 6733,
            "value": 0.7696229384794361
        },
        "data_received": {
            "count": 4299631,
            "rate": 209440.87541718845
        },
        "vus": {
            "value": 50,
            "min": 50,
            "max": 50
        },
        "http_req_duration{expected_response:true}": {
            "avg": 73.80446006980088,
            "min": 0.071,
            "med": 1.6444999999999999,
            "max": 1545.704,
            "p(90)": 51.4346,
            "p(95)": 192.76379999999978
        },
        "http_req_blocked": {
            "p(95)": 0.008,
            "avg": 0.008709505235064452,
            "min": 0,
            "med": 0.002,
            "max": 2.935,
            "p(90)": 0.006
        },
        "http_reqs": {
            "count": 9742,
            "rate": 474.5460734454305
        },
        "http_req_sending": {
            "avg": 0.02024081297474786,
            "min": 0.002,
            "med": 0.006,
            "max": 19.351,
            "p(90)": 0.018,
            "p(95)": 0.025
        },
        "vus_max": {
            "value": 50,
            "min": 50,
            "max": 50
        }
    },
    "root_group": {
        "groups": {},
        "checks": {
                "http status is 200": {
                    "fails": 0,
                    "name": "http status is 200",
                    "path": "::http status is 200",
                    "id": "ea2fe6ab7eecb8c5b564c043a0723b30",
                    "passes": 9742
                },
                "response body is json": {
                    "path": "::response body is json",
                    "id": "1478e8b405684c6d341a9699a4534bc6",
                    "passes": 9742,
                    "fails": 0,
                    "name": "response body is json"
                },
                "business code is 0": {
                    "fails": 6733,
                    "name": "business code is 0",
                    "path": "::business code is 0",
                    "id": "d8310cd321aa42577edcc8c02ffccb2d",
                    "passes": 3009
                }
            },
        "name": "",
        "path": "",
        "id": "d41d8cd98f00b204e9800998ecf8427e"
    }
}