{
    "metrics": {
        "iteration_duration": {
            "max": 338.233333,
            "p(90)": 313.960333,
            "p(95)": 319.51275,
            "avg": 304.2142346732674,
            "min": 299.566417,
            "med": 301.362459
        },
        "vus": {
            "max": 2,
            "value": 1,
            "min": 1
        },
        "data_received": {
            "count": 89284,
            "rate": 4397.287574303715
        },
        "http_req_duration": {
            "med": 100.738,
            "max": 136.181,
            "p(90)": 109.511,
            "p(95)": 117.803,
            "avg": 102.97091089108915,
            "min": 98.433,
            "thresholds": {
                "p(95)<1000": false
            }
        },
        "http_req_tls_handshaking": {
            "p(95)": 0,
            "avg": 0,
            "min": 0,
            "med": 0,
            "max": 0,
            "p(90)": 0
        },
        "http_req_failed": {
            "passes": 0,
            "fails": 101,
            "thresholds": {
                "rate<0.01": false
            },
            "value": 0
        },
        "http_req_duration{expected_response:true}": {
            "p(95)": 117.803,
            "avg": 102.97091089108915,
            "min": 98.433,
            "med": 100.738,
            "max": 136.181,
            "p(90)": 109.511
        },
        "vus_max": {
            "max": 5,
            "value": 5,
            "min": 5
        },
        "http_req_sending": {
            "avg": 0.03309900990099005,
            "min": 0.016,
            "med": 0.021,
            "max": 0.814,
            "p(90)": 0.037,
            "p(95)": 0.05
        },
        "http_req_receiving": {
            "avg": 0.07033663366336636,
            "min": 0.039,
            "med": 0.054,
            "max": 0.908,
            "p(90)": 0.076,
            "p(95)": 0.1
        },
        "iterations": {
            "count": 101,
            "rate": 4.974307210750808
        },
        "http_reqs": {
            "count": 101,
            "rate": 4.974307210750808
        },
        "http_req_waiting": {
            "max": 136.08,
            "p(90)": 109.43,
            "p(95)": 117.708,
            "avg": 102.86747524752475,
            "min": 98.289,
            "med": 100.632
        },
        "checks": {
            "passes": 303,
            "fails": 0,
            "value": 1
        },
        "http_req_connecting": {
            "med": 0,
            "max": 0.262,
            "p(90)": 0,
            "p(95)": 0,
            "avg": 0.012128712871287129,
            "min": 0
        },
        "http_req_blocked": {
            "p(95)": 0.024,
            "avg": 0.023792079207920758,
            "min": 0.003,
            "med": 0.005,
            "max": 0.736,
            "p(90)": 0.007
        },
        "data_sent": {
            "count": 20099,
            "rate": 989.8871349394108
        }
    },
    "root_group": {
        "name": "",
        "path": "",
        "id": "d41d8cd98f00b204e9800998ecf8427e",
        "groups": {},
        "checks": {
                "http status is 200": {
                    "name": "http status is 200",
                    "path": "::http status is 200",
                    "id": "ea2fe6ab7eecb8c5b564c043a0723b30",
                    "passes": 101,
                    "fails": 0
                },
                "response body is json": {
                    "name": "response body is json",
                    "path": "::response body is json",
                    "id": "1478e8b405684c6d341a9699a4534bc6",
                    "passes": 101,
                    "fails": 0
                },
                "business code is 0": {
                    "fails": 0,
                    "name": "business code is 0",
                    "path": "::business code is 0",
                    "id": "d8310cd321aa42577edcc8c02ffccb2d",
                    "passes": 101
                }
            }
    }
}